sample_code,gpt_paragraph
SU765,"잘 가공되어 매끈한 석재이지만 차가운 느낌은 여전함. 차가운 자연석 소재가 느껴지고 고급스러운 분위기가 전해지며 프리미엄한 스타일이 함께 느껴짐. 미세한 회색과 베이지 패턴이 흩뿌려진 밝은 톤의 표면이 차분하면서도 자연스러운 스톤 느낌을 주며, 약하게 광을 띠는 매끄러운 질감이 차가운 촉감과 단단한 무게감을 동시에 전달해 모던하지만 과하지 않은 고급스러움이 느껴짐."
YWB-EP260(무광),"조금 연식이 있는 듯한 나무 재질로 둔탁하고 껄끄러울 것 같지만 잘 가공된 나무의 특유 부드러운 재질이 느껴지는 듯한 느낌이 들며, 고급 원목의 소재감이 전해져 따뜻하고 부드러운 분위기가 전달됨. 은은한 갈색 톤 위로 자연스러운 우드 패턴이 흐르며 따뜻하고 편안한 인상을 주고, 살짝 글로시한 코팅으로 매끄럽게 마감되어 손에 쥐었을 때 단단하지만 부드러운, 정제된 우디한 감성이 느껴짐."
INCH-10,"상당히 매끄럽게 다듬어진 인테리어 제품 같지만, 결국 만졌을 때 그 나무의 결을 얕게나마 느낄 수 있을 듯한 목판으로, 자연스러운 따뜻한 나무의 소재감이 전해지며 직선의 외부 실루엣이 깔끔하고 타임리스함이 느껴짐. 은은한 붉은 기가 도는 우드 톤이 따뜻하고 차분한 분위기를 만들며, 자연스러운 결이 고요하게 흐르고, 반광 정도의 매트한 마감으로 거슬림 없이 매끄럽지만 단단한 밀도와 견고함이 시각적으로 느껴짐."
ST-101,"ABS 플라스틱을 만지는 듯한 느낌의 불투명하고 특유의 딱딱함이 느껴질 듯한 제품으로, 부드러운 표면 마감이 느껴지지만 손으로 만지면 차가운 온도일 것 같음. 차분한 아이보리 톤 위에 미세하게 점처럼 박힌 입자가 은은하게 빛나 깨끗하면서도 단조롭지 않은 표정을 만들며, 매끄럽게 코팅된 듯한 글로시 표면이 얇은 유리층을 덧댄 느낌을 주어 위생적이고 모던한 인상을 줌."
Expanded Polypropylene(Yellow),"아이스 박스의 스티로폼 재질로 따뜻한 온도감이지만 만지면 잘 부스러질 것 같은 느낌이며, 가볍고 부스러기가 떨어질 것 같고 내구성이 약할 것 같으며 스티로폼 특유의 듣기 싫은 소리가 날 것 같은 인상을 줌. 선명한 레몬 옐로 컬러가 가볍고 경쾌한 인상을 주며 전체적으로 밝고 유쾌한 분위기를 만들고, 조밀하게 뭉친 발포 재질의 입자가 미세하게 반짝이며 약간 거친 듯하면서도 말랑한 촉감이 연상되는 경량의 플라스틱 질감임."
PL-MD-SAND1-WH,"깔끔하고 매끄러운 플라스틱 판때기에 흰색 페인팅이 잘 결합된 구조로, 투명하고 깨끗하며 반듯한 테두리가 있어 차가운 물성을 지녔을 것 같음. 부드럽게 모서리가 말린 순백의 표면은 미세한 글로시감과 함께 정제된 모던한 인상을 주며, 차갑지도 따뜻하지도 않은 중성의 백색이 균일하게 퍼져 있어 무게감보다는 가볍고 미니멀한 오브제를 떠올리게 함."
PL-MD-HL1-WH,"나무 같은 판에 흰색 페인트를 넓게 칠해 굉장히 글로시하고 매끄러운 듯한 느낌을 주는 질감을 가진 판때기 같음. 투명하고 깨끗하며 반듯한 테두리가 있어 차가운 물성을 지녔을 것 같음. 옅은 회백색 톤이 전체적으로 균일하게 깔려 있어 차분하고 정제된 인상을 주며, 매우 미세한 브러쉬 결이 거의 느껴지지 않을 정도로 부드럽게 흐르고, 은은한 새틴 광택이 더해져 가벼우면서도 단단한 금속 표면 같은 모던한 느낌을 만듦."
NSF-300QC,"코끼리 가죽과 같은 무늬가 있어 고급감이 느껴지고 따뜻해 보이며, 표면이 까끌할 것 같은 인상을 줌. 무늬에 따라 질감이 잘 느껴지고 튀어나온 부분에서는 특유의 매끄러움이 살아나, 손끝으로 따라가며 만졌을 때의 촉감이 더욱 선명하게 전해짐. 따뜻한 베이지 톤 위에 흩뿌려진 미세한 흰색 패턴이 모래알처럼 촘촘하게 퍼져 부드럽고 자연스러운 인상을 주며, 광택은 거의 없는 매트한 질감으로 빛을 은은하게 흡수해 가볍지만 단단하고 실용적인 느낌을 형성함."
NSE-509QW,"욕실에 어울릴 것 같은 재질로, 특유의 하얀색이 깔끔함을 주지만 자세히 만져보면 질감을 느낄 수 있는 작은 굴곡들이 있어 미세한 입자가 섞인 듯한 따뜻한 아이보리 톤과 어우러져 차분하고 부드러운 매트 질감이 포근한 분말을 얹은 듯한 인상을 줌. 밀도가 높아 보이고 부드럽고 올가닉하며 짠맛이 날 것 같기도 한 이 소재는 날카롭지 않은 라운드 엣지와 얕은 홀 디테일이 더해져 가벼우면서도 견고한, 정제된 미니멀리즘을 느끼게 함."
라이트 아몬드,"부드러운 듯하면서 만지면 딱딱한 부분이 존재할 것 같은 플라스틱 재질의 따뜻한 색감을 품은 느낌 같음. 부드러운 오트밀 색감이 따뜻하지만 절개된 테두리에서 까끌한 마감이 느껴짐. 따뜻한 아이보리 톤이 부드럽게 번져 나와 편안하고 정제된 인상을 주며, 유광 코팅된 표면이 얇게 빛을 머금은 듯 매끄럽게 반사되어 실키하지만 과하지 않은 프리미엄 느낌을 만듦."
A104,"인조 가죽의 재질로 가방에 자주 사용되거나 학잠에 적용될 만한 매끄럽고 결이 있는 가죽 재질이며, 부드러운 가죽 소재가 느껴지고 매우 따뜻하지만 내구성이 약할 것 같음. 은은한 회색 톤의 레더 표면이 과하지 않은 세미 매트 광택을 띠며 차분하고 정제된 인상을 주고, 잔잔하게 갈라진 자연스러운 주름 텍스처가 손에 닿았을 때 부드럽지만 단단한 내구성을 떠올리게 해 프리미엄이지만 편안한 분위기를 형성함."
PVAD B 3,"겉보기에는 굉장히 차가운 재질이지만 만지면 부드러운 부분이 있고, 의외의 차가움도 느낄 수 있는 듯한 철 표면 재질이며, 가볍지만 단단한 플라스틱일 것 같다는 인상을 주어 차갑고 미래적인 소재감이 느껴짐. 짙은 블랙 컬러에 글로시한 코팅이 더해져 차갑고 단단한 인상의 메탈릭 표면을 만들며, 매끄럽게 반사되는 빛 덕분에 군더더기 없는 모던함과 약간의 하이테크적인 긴장감이 함께 전해짐."
PVED BR 3,"글로시한 화장품의 뚜껑에 잘 사용될 것 같고 세련됨이 전해지는 재질과 색감으로, 단단한 금속재에서 느껴지는 차가운 소재감과 더불어 탄성이 있을 것 같음. 부드러운 로즈 브론즈 톤의 금속광이 은은하게 번져 차분하면서도 세련된 인상을 주며, 매끄럽고 반사감이 과하지 않은 새틴 느낌의 표면이 단단한 직선 형태와 어우러져 묵직하지만 모던한 분위기를 자아냄."
90G,"마치 사포질이 덜 된 듯한 일부분의 거친 질감이 느껴지고, 잘 마모된 부분은 마치 부드러운 결을 느낄 수 있을 것만 같은 플라스틱 재질로, 마치 자연 상아를 깎아 만든 듯한 소재감이 느껴지며 가벼운 물체일 것 같음. 은은한 크림 베이지 톤이 따뜻하고 차분한 인상을 주며 눈에 띄지 않게 정제된 느낌을 주고, 반광의 매끄러운 표면이 플라스틱 특유의 가벼움 속에서도 견고하고 실용적인 분위기를 만듦."
HW-346877(Black_gloss),"가죽 지갑을 연상케 하는 검은색 인조 가죽 느낌으로, 가죽 특유의 매끈함과 결이 잘 느껴지는 듯한 소재이며, 거친 가죽의 표면 질감이 느껴지고 강한 가죽 냄새가 날 것 같아 날것의 강한 인상이 남음. 짙은 흑색 위로 섬세한 주름 결이 얽혀 있어 묵직하고 차분한 인상을 주며, 약한 글로시 광이 결 사이에서 은은하게 반사되어 단단하지만 손에 쥐었을 때는 유연하게 따라올 것 같은 가죽 특유의 촉감을 떠올리게 함."
코르코_01,나무 결이 다양하게 흐르고 있어 껄끄러운 질감이지만 나무가 주는 온도감이 있어 와인이 떠오르는 이미지임. 가볍고 물에 뜰 것 같은 느낌이고 표면이 울퉁불퉁해 보임. 따뜻한 살구빛과 붉은 결이 뒤섞여 자연스럽게 흐르는 우디한 표정이 느껴짐. 미세한 층들이 입체적으로 겹쳐져 텍스처가 풍부하면서도 표면은 비교적 매끄럽고 건조한 느낌이라 부드럽지만 꽤 역동적인 인상을 줌.
옥수수가죽,"가죽이지만 부드럽고 색감이 주는 따뜻함이 어우러지면서도 약간의 올드한 느낌을 주는 소파와 비슷한 인상을 주며, 매끈한 가죽 느낌이 전해지지만 고급감이 강하게 느껴지지는 않음. 따뜻한 갈색 톤의 가죽 표면은 은은한 광택을 머금고 있어 사용감이 더해질수록 깊어질 것 같은 편안한 인상을 주며, 미세한 주름과 결이 자연스럽게 퍼져 있어 손에 쥐면 단단하면서도 유연한, 클래식하고 묵직한 분위기가 느껴짐."
R-157,"방수가 될 것 같은 가방의 천 재질로, 만지면 오돌토돌한 느낌이 느껴지며 거칠면서도 튼튼한 소재를 대변하는 듯한 느낌이 드는 동시에, 표면에 조직감이 느껴지지만 손으로 쓸면 매끄러울 것 같아 비교적 고급감이 느껴지는 재질임. 짙은 청록색이 차분하면서도 선명하게 다가와 깊은 물속을 떠올리게 하는 고요한 인상을 주며, 미세하고 촘촘한 텍스처 위로 은은한 광택이 돌아 거칠지 않으면서도 단단하고 견고한 표면감이 한층 더 강조됨."
SG-0790 T/F35021,"매끈매끈한 표면이지만, 만졌을 때 플라스틱 특유의 딱딱함과 글로시함이 느껴지는 표면임. 다소 가벼운 플라스틱 소재감이 느껴지고 흠집이 잘 날 것 같으며, 80년대스러운 빈티지함이 있고 색에서 에너지가 느껴짐. 선명한 형광 오렌지 컬러가 강렬하게 눈을 끌며 깨끗이 코팅된 듯한 글로시 표면이 매끄럽고 단단한 인상을 주고, 빛을 또렷하게 반사하는 광택 덕분에 가볍지만 에너지 넘치는 스포티하고 산업적인 느낌이 강조됨."
WX-9120 83575 B,"신용카드 같은 매끄러운 플라스틱 재질에 중년적인 감성이 더해진 색감으로, 짙은 초록색감이 고급스러운 분위기를 전달하고 단단한 경질의 폴리소재가 폴리소재 치고 꽤나 무게감을 줌. 깊은 녹색 톤과 약한 광택이 어우러져 차분하면서도 약간 묵직한 인상을 주며, 표면은 매끄럽고 코팅된 듯 균일하게 빛을 반사해 실내에서 사용했을 때 모던하고 정제된 분위기를 만들 것 같음."
HJZ17-H077,"적당한 글로시함과 매트함이 섞여 마치 몇 번 사용된 검은색 가전제품의 표면을 만지는 느낌의 소재로, 매끈하고 차가운 촉감이 느껴져 잘 깨질 것 같으며 과거지향적인 인상을 줌. 짙은 흑갈색에 가까운 색감이 깊고 묵직한 분위기를 형성하고, 차분하게 가라앉은 톤이 공간을 어둡게 감싸는 듯한 느낌을 주며, 높은 글로시 광택과 매끄러운 표면이 주변을 또렷하게 비추어 차가우면서도 정제된 프리미엄 이미지를 형성함."
red01,"글로시함과 거친 느낌이 공존하는 판재로써 크리스마스를 연상케 하지만 시즌이 지나면 촌스러움이 강조되는 색감임. 까슬까슬하고 비교적 저렴한 소재감이 느껴지며, 마치 입자가 떨어질 것 같은 기분이 듦. 미세한 메탈릭 레드 입자가 촘촘히 깔려 있어 선명하면서도 강렬한 에너지가 느껴지고, 표면은 잔잔하게 반짝이지만 전체적으로는 매트에 가까운 건조한 질감이라 글로시한 화려함보다 단단하고 산업적인 인상을 줌."
코드 - 01,"차갑고 미끄러운 재질로 중간중간 석재의 오돌토돌함과 구멍이 느껴질 것 같으며, 차가운 대리석 소재가 마치 공사장과 같은 분위기를 전달하고 완성도가 떨어져 보이는 느낌을 줌. 옅은 회백색 바탕에 번진 듯한 마블 패턴이 섞여 있어 차분하면서도 산업적인 콘크리트 느낌을 주며, 매트하고 건조한 표면에 미세한 기포 자국이 점점이 박혀 있어 단단하고 묵직하지만 과하지 않은 질감의 깊이가 느껴짐."
스카이골드,"독특하고 시원한 느낌을 주는 카페트가 연상되어 잘 포진된 그라데이션이 있지만, 재질과 무늬로 인해 특유의 거친 느낌을 주는 것 같기도 함. 표면의 작은 알갱이가 까끌할 것 같고 미래지향적인 동시에 오묘하게 아늑한 분위기를 전달함. 미세한 메탈릭 입자가 촘촘하게 깔려 있어 차분한 금속광이 균일하게 번지며 안정된 인상을 주고, 왼쪽의 따뜻한 빛에서 오른쪽의 차가운 블루 톤으로 부드럽게 그라데이션되며 시원하면서도 고급스럽고 하이테크적인 분위기를 만듦."
C-01-Base,"잘 다듬은 도마 같은 목재의 따뜻함과 자연감이 느껴지면서도 생활 기스가 난 듯한 미세한 굴곡이 손끝에 전해져 사용의 흔적과 시간의 결을 함께 떠올리게 됨. 조직감이나 내구성이 약한 나무 소재 특유의 부드럽고 연약한 감촉이 오히려 더 따뜻하고 포근하게 느껴짐. 연한 베이지 톤의 우드 패턴은 차분하고 자연스러운 인상을 주어 전체적으로 고요하고 밝은 분위기를 만들며, 매트에 가까운 표면과 미세하게 느껴지는 나뭇결 텍스처는 종이 같은 건조함과 가벼운 무게감을 함께 연상시킴."
D-09-P1,"매끈하지만 어딘가 잘게잘게 굴곡이 있는 듯한 재질로, 수첩 표지 같은 가벼운 가죽의 소재감이 느껴짐. 짙은 올리브와 카키 그린 컬러가 과하지 않게 채도가 눌려 있어 차분하고 중후하면서도 자연 친화적인 인상을 줌. 미세한 가죽 텍스처와 매트한 표면이 빛을 부드럽게 흡수해 묵직한 분위기를 만들면서, 손에 닿았을 때 포근할 것 같은 소프트 터치의 느낌을 자아냄."
D-06-P1,"매끈함과 거침이 공존하는 석재로써 흔히 인테리어된 화장실의 세면대가 떠오르는 이미지의 소재로, 자연에서 발견한 것 같은 질감이 느껴지고 부드럽고 자연스러운 분위기가 전해지며 돌 같은 단단함이 함께 느껴짐. 따스한 베이지 톤 위에 촘촘히 흩뿌려진 미세한 점들이 모래와 스톤이 섞인 듯 자연스러운 인상을 주고, 은은한 글로시 광택이 매끄럽게 번지며 전체적으로 묵직하지만 과하지 않은 고급스러운 표면감이 느껴짐."
C-10-Base,"쿠션감이 있는 튼튼한 판 재질로, 만졌을 때 색감과 같이 느껴지는 온도감이 있어 기분 나쁘지 않은 듯함. 부드럽고 레트로한 분위기가 느껴지며, 고무의 저렴한 느낌도 들고 고무 냄새도 날 것 같음. 따뜻한 테라코타 브라운 톤이 전반적으로 차분하고 자연스러운 분위기를 만들며, 미세한 매트 질감과 둥글게 떨어지는 모서리가 부드럽고 소프트터치한 촉감을 떠올리게 함. 얇게 코팅된 듯한 표면은 가볍지만 견고한 인상을 줌."
C-08-Base,"잘 가공되어 매끈한 부분과 잘게 굴곡이 있는 구간도 존재하며, 민트색이 주는 특유의 청량감과 촌스러움이 함께 느껴지는 판으로, 가벼운 고무 재질이 손끝에 전해져 고무 냄새가 날 것 같고 부드럽고 말캉할 것 같음. 연한 민트 색감이 차분하고 시원한 인상을 주며, 전반적으로 매트한 표면이 산뜻하지만 과하지 않은 존재감을 만들고, 중앙의 미세하게 거친 텍스처와 주변의 매끄러운 면이 대비를 이루어 부드럽지만 단단하게 보호받는 듯한 안전한 느낌을 줌."
B-08-P1,"만지면 거친 느낌을 가진 천 재질이지만 웜한 회색과 그 천 재질이 주는 특유의 포근함으로 따뜻한 느낌이 드는 인테리어 소재 같음. 부드럽고 따뜻한 패브릭 소재에서 편안한 분위기가 느껴지며, 부드러운 베이지 톤의 패브릭이 은은하게 정제된 느낌을 주어 시각적으로도 포근하고 따뜻한 인상을 만듦. 촘촘하지만 과하게 두껍지 않은 짜임 덕분에 가볍고 편안해 보이면서도 일상적 사용에 견딜 수 있는 차분한 견고함이 느껴짐."
C-17-P3,"겉보기엔 푹신해 보이지만 만지면 껄끄러울 것 같은 느낌의 코르크 판 같음. 부드러운 코르크의 소재감이 느껴지고 올가닉한 분위기가 연출됨. 따뜻한 베이지 톤의 코르크 표면이 은은하게 얼룩져 있어 자연스러운 깊이감과 편안한 분위기를 만들며, 매트하고 미세한 입자가 촘촘히 느껴지는 질감이 부드럽지만 약간 건조한 촉감을 연상시키고 가볍지만 단단한 인상을 줌."
C-21-P1,"오돌토돌함이 강조된 천으로써 보풀이 일어난 듯한 옷의 질감도 있고, 특유의 따뜻함도 존재함. 따뜻하고 친환경적인 소재감이 느껴지며, 표면은 까끌하지만 전체적으로 부드러울 듯함. 엷은 회백색 톤에 미세한 점들이 섞여 있어 자연스러운 멜란지 느낌을 주며, 전체적으로 차분하고 부드러운 인상을 줌. 보송보송한 펠트 질감이 따뜻하고 포근한 분위기를 자아내면서도, 두께감 있는 구조 덕분에 은근히 묵직하고 안정적인 분위기가 함께 느껴짐."
D-11-Base,"잘 가공된 플라스틱 판 재질로 색감이 주는 따뜻함과 포근함이 있고, 만졌을 때 튼튼할 것 같은 매끄러운 판이며, 고급감과 부드러운 소재감이 느껴지고 레트로한 스타일이 더해져 한층 더 따뜻하게 다가오는 소재감임. 미색에 가까운 연한 크림 톤이 차분한 인상을 주며 시선에 부담을 주지 않는 자연스러운 컬러감으로, 전반적으로 매트하면서도 살짝 코팅된 듯한 부드러운 표면이 소프트터치 느낌을 주는 것이 특징임."
19SP-071,"석재 모양을 굉장히 잘 다듬어 겉보기에는 거친 느낌인 것 같지만 막상 만져보면 매끄럽고 부드러운 재질일 것 같은 돌이며, 입자가 굵은 자연석의 느낌이 고급스럽고 차가운 인상을 주는 동시에 은은한 베이지와 회색이 뒤섞인 스톤 느낌의 표면이 차분하면서도 자연 친화적인 인상을 줌. 매트에 가까운 건조한 질감과 둥글게 떨어지는 곡선 형태가 단단한 무게감 속에서도 부드럽고 편안한 분위기를 만듦."
HG-0760GP/,"빛나며 금보다 옅은 색상이지만 고급지고 밝은 느낌을 주어 세련되고 우아한 분위기를 연출하고자 함. 절제된 느낌을 주며 과한 광택이 아니라 은은한 광택으로 더욱 고급스러운 인상을 형성하고, 매끄러워 보이는 글로시한 표면이 전체적으로 세련된 느낌을 완성함."
OK019,"천이나 매트 느낌의 재질로, 따뜻하면서 부드러운 느낌을 주고자 하는 것 같음. 눈이 안 피곤하고 편안한 인상을 주며, 패브릭의 무늬가 전체적으로 따뜻한 분위기를 형성함. 섬유의 불규칙한 색상 발현이 패브릭 특유의 친근한 질감을 더욱 부각시킴."
C-05-P2,"잭슨 폴록의 아트 작품인가 싶은 느낌이 들 정도로, 액션 페인팅은 아니지만 회색 도마 위에 흩뿌린듯한 색상들이 포인트가 되어 자유로우면서도 다채롭고 복합적인 배치를 이루고 있어 색상의 화려함이 시선을 강탈함. 표면이 오돌토돌해 보이지만 손으로 만졌을 때 좋은 촉감을 줄 것 같아 더욱 친근한 이미지를 형성함."
HG-0760GP/F36089,"원색을 사용해 강렬한 느낌과 시선을 강탈하며 눈이 부신 분위기를 만들고, 반대로 회색 스티커를 통해 대비를 주어 전달하고자 하는 정보를 더욱 명확하게 드러내는 구성임. 글로시하고 쨍한 색감이 자연스럽게 눈에 들어오며, 전체적으로 다소 감각적인 분위기를 자아내는 표현임."
DW025,"화려하지만 단색이 아닌 복합적인 색상을 통해 깊은 느낌을 주려고 하나 약간 정신없음. 배기관 알루미늄 호일 계열의 질감 위로 빛이 반사되며 금색과 은색이 뒤섞인 듯한 조합으로 보이며, 전체적으로는 빈티지한 질감의 패브릭을 떠올리게 함. 그윽한 분위기가 은은하게 배어 나오는 듯한 인상을 줌."
C-32-G,"깔끔한 벽면에서 사용되는 돌벽의 깔끔함과 단단한 내구성, 그리고 고급진 파도 같은 결이 어우러져 고급스러운 인상이 느껴짐. 반대로 백색에 가까운 회색 돌은 다소 심심한 바탕 위에 포인트로 사용되어 모노톤으로 통일된 색상 조합 속에서도 깔끔하고 세련된 분위기를 형성함. 거친 돌들이 여러 층으로 쌓여 있어 표면의 거침이 한층 부각되면서도 전체적으로는 단정한 느낌을 함께 주는 소재임."
MRC380L3-59288,시원한 느낌임. 민트 색이 주는 시원함과 흰색을 통해 이를 더욱 강조하면서 자유로움을 주고자 하는 것 같음. 여행을 갈 때의 기분을 제품에서 느낄 수 있게 해 주는 것 같음. 평화롭고 깔끔함. 매트한 질감과 차분한 색감이 잘 어우러져 정제되고 세련된 느낌을 줌.
GTE92,옅은 흙색으로 따뜻하고 편안하며 안정적인 느낌을 주며 채도가 낮아서 부드러운 편안함이 느껴지고 소박하며 고향 같은 정서를 자아내는 동시에 단정한 느낌의 종이 질감이 떠오르며 바삭해 보이는 인상을 줌.
인탑스CMF샘플008,"쿠키인가? 풍부하다가 떠오름. 따뜻하고 안정적인, 익숙한 느낌의 배합임. 얼룩 자체가 얼룩말처럼 조금 익숙한 이미지라서 자연친화적인 느낌이 드는 것 같음. 줄무늬가 강렬한 나무 이미지는 거친 느낌을 제공하면서도 동시에 따뜻해 보임."
샌드 베이지,"깔끔한 갈색의 익숙한 색상이 부드러운 느낌을 주는 재질이나 물때 같은 인상을 주며, 원형 구멍 위에 약간 더러운 것이 보여 사출에서 잘못된 것인지, 아니면 클래식함을 의도한 것인지 헷갈리게 함. 특유의 종이 같은 범프들과 질감 탓에 다소 저렴해 보이는 이미지도 느껴지지만, 동시에 친숙하고 주변에서 자주 볼 법한 분위기를 풍기며 아늑한 느낌을 주는 제품임."
Zirconia,"깔끔한 검은 빛과 미래지향적인 세련된 마감적인 광택으로 미래지향적 혹은 신제품의 느낌을 주고 있으며, 글로시한 질감이 검정색과 만나 세련되고 감각적인 분위기를 자아내고 있음."
SK실버-H5001(유광),"차갑고 무거운 느낌이지만 소용돌이와 파도 같은 무늬 덕분에 고급스럽고 우아한 인상을 줌. 차가운 질감이 오히려 그 고급스러움을 한층 더 높여 주며, 돌의 무늬가 차가워 보이는 표면 위에서 고급감을 더욱 부각시킴."
SK실버-H0100(유광),"화려하면서도 자연스럽고 아름다움. 얇기 때문에 부서지기 쉬울 것 같은 긴장감도 강렬하게 느껴짐. 목성의 폭풍을 떠올리게 하는 화려함이 다양한 색감을 통해 깊이감을 형성하고, 고유한 개성과 예술성이 드러남. 반투명한 소재가 주는 고급스러움이 느껴지며, 내부에 스며든 듯한 무늬가 감각적인 분위기를 조성함."
Popping Terrazzo B,"벽돌은 무거운 느낌보다는 화사하면서 다양한 색채를 통해 밝고 신선함을 주고자 함. 좌측의 회색 벽돌에 비해 약간 가벼우면서도 예술적인 느낌을 주며, 알갱이들의 색상이 따뜻한 분위기를 조성해 친근한 느낌을 더해 줌."
GY069,"빠대의 옅은 크림 베이지색이 차분하면서도 밝은 느낌을 주고 있음, 두 가지 색상의 배색을 통해 약간 차분하고 고급진 분위기로 나아가고자 하는 의도가 느껴짐, 동시에 유리의 차가움과 투명감이 더해져 날카로운 평면이 반사광이 보이지 않아도 정제되고 세련된 인상을 주고 있음"
21563-01-180215,"돌의 단단함과 물결무늬로 인해 부드러운 질감과 우아한 느낌이 드는 도마 같음. 시원하면서도 고급진 느낌이 나며, 차가워 보이는 인상 속에서 무늬로 인해 세련된 분위기가 함께 느껴짐."
YWB-C0502(무광),브래스다 황동 느낌으로는 따뜻하고 안정적인 느낌이나 엔틱한 느낌임 빈티지한 재질이며 싼 값으로의 느낌도 보임 부드럽지만 은은하게 빛나며 제품 자체가 시간이 지나며 변화를 줄 것 같은 재질임 은은한 나무의 결이 부드럽게 느껴지며 따뜻해 보임
HJZ17-H082,"안정적이며 약간 무거운 느낌을 주어 차분함을 느끼게 함. 전체적으로 건조한 인상을 주면서도 쇠퇴한 듯한 분위기가 살짝 감돌고, 옹기 색상이 연상되어 오래된 듯한 느낌을 자아내고 있음. 동시에 매트하고 거친 질감이 살짝 차분한 주황색과 만나 감각적인 인상을 형성하며, 세련되고 정제된 분위기를 함께 만들어 내고 있음."
NSF-417QY,"원색 사출로 깔끔함이 살아나고 빛에서도 모노하게 은은함이 느껴짐. 따뜻한 색감과 포인트적으로 강렬한 인상이 더해져 밝고 강렬한 이미지를 제공함. 동시에 매트한 질감의 노란 색상이 편안한 분위기를 조성하며, 색상 특유의 경쾌함이 질감의 고급스러움과 어우러져 세련된 감성을 완성함."
코드 - 078,"차가우면서도 가벼운 느낌을 주는 철 장식에서 마감처리의 끝맺음이 완성을 느끼게 해줌. 그 위에 더해진 무늬들이 정제된 느낌을 보여주며, 전체적으로 차가워 보이는 인상을 더욱 또렷하게 드러냄."
MRC380L3-76183,"흙색으로 안정적이고 익숙하며 깔끔한 느낌을 주는 공간임. 옅은 회색빛의 벽이 포인트가 되어 전체적으로 안정적인 색감을 제공함. 따뜻한 색감과 반광 질감이 가죽 같은 인상을 주며, 일상적인 느낌의 재질감이 눈에 띔."
코드 - 026,"짙은 검정 포인트 내부에 금색 선들이 복합적으로 들어가 리치한 느낌을 강하게 주고 있음, 구멍처럼 보이는 부분은 거울인 듯 비치는 느낌이 하나의 포인트가 되고 있음, 전체적으로 연식이 느껴지는 빈티지한 분위기 속에서 상처 같은 알갱이들과 울퉁불퉁하게 글로시한 표면이 어우러져 빈티지한 감성을 더욱 부각시키고 있음."
124,"벽에 붙이다가 살짝 삐져나왔나 싶은 왼쪽의 노란색 본드 같은 자국이 신경 쓰임. 한지 혹은 천 계열에서 오는 듯한 적핑크 색상의 강렬한 포인트와 활기찬 인상을 강하게 주고자 하는 느낌이지만, 포인트를 넘어서 주위의 모든 것을 차지한 듯한 인상을 주어 약간 불편한 느낌도 듦. 너무 강렬하게 다가오는 색감 속에서도 섬유의 결이 느껴지는 부드러운 이미지가 함께 느껴지며, 다소 쨍한 색감 덕분에 전체적으로 더욱 강렬한 인상이 형성됨."
RE-06,"무겁고 단단한 돌과 같은 느낌을 주며, 불규칙한 반사광을 통해 심심하지 않고 다양한 변화를 시각적으로 제공하고 있으나, 차가워 보이며 울퉁불퉁한 알갱이들이 불편한 느낌을 줌."
129,"브래스는 무거운 색상이어야 할 철 재질이 어둠 속에 갇혀 있으면서도 밝은 느낌을 주어, 견고한 느낌을 강하게 줌. 어둠 속의 한 줄기 빛처럼 강렬한 포인트를 주고 영롱한 느낌을 줌. 종교적인 색채 같기도 해서 조금 나와 닮은 듯하지만, 동시에 약간의 신비로움을 줌. 향로나 훈향이 피어오르는 듯한 분위기를 떠올리게 함. 거친 금속의 질감과 차가운 온기가 함께 느껴지는 재질임."
NCE-505QW,복잡한 모노톤 위에 옅은 회색 계통의 버튼에 모든 집중이 가면서 복잡한 패턴 위에 깔끔하게 시야가 모여 편안한 느낌을 줌. 거친 알갱이들이 은은하게 세련된 느낌을 조성하며 동시에 거칠어 보이는 질감이 대비를 이루어 더욱 인상적인 분위기를 형성함.
White,"단단한 느낌을 주는 블럭이며 덩어리감이 커서 무거워 보이고 돌의 단단함이 보이는 사암 벽돌 같은 소재로, 따뜻하고 안정적인 이미지를 주며 거친 알갱이들이 주는 예술적인 분위기와 빈티지한 질감도 함께 느껴짐."
코드 - 043,"옛날 한지에 노른자 발라서 말리면서 서서히 나타나는 노른색과 흰색의 배합이 떠오름. 따뜻한 느낌으로 가기 전에 일상에서의 편안함을 주고자 하는 계열에서 멈춘 듯한 느낌이 있으며, 동시에 거친 느낌의 표면이 손끝에 전해지는 듯하고 조금 지저분해 보이는 인상도 함께 존재함."
E14LO9,"비누? 흰색과 적색의 배합으로 화려함과 화사함을 동시에 주는 고체이나 강도가 약한 느낌을 주며, 에너지감이 느껴져 운동용품 쪽에 쓰는 제품인가 하는 생각이 들음. 전체적으로 모던한 느낌이 느껴지고, 색 알갱이들이 주는 따뜻한 분위기가 함께 느껴짐."
IRG165,"다양한 색상이 패턴을 만들면서 규칙성을 형성하고 있으며, 화려하지만 고급진 느낌보다는 예술적인 느낌으로 자유분방하면서도 그 규칙성을 통해 편안함을 주고 있음. 복합적인 직조물 같은 패턴이 예술적인 분위기를 자아내며, 빈티지한 니트에서 볼 법한 감성을 풍기고 있음."
PVED GR 2,"프로파일인가, 끝부분에 칩핑인가, 깨진 부분이 보여 마감 처리가 되지 않아 가공 도중의 상태로 보임. 제품의 색상이나 현재의 구성으로 보아 캡으로 쓰려는 제품이 최대한 깔끔한 느낌을 주고자 하는 것 같음. 색상 자체나 제품의 배치로는 다소 무거운 색조를 통해 견고함이나 잔정감을 주려는 의도가 느껴지고, 배치에 따라서는 고급스러우면서 세련됨을 강조하고자 하는 것 같음. 여기에 글로시한 질감과 그 안의 거친 색 알갱이들이 조합되어 복합적으로 설계된 이미지를 형성함."
119,"시멘트라는 소재는 물성이 강한 것을 틀에 부어 굳힌 것 같으면서도 콘크리트 바이브레타를 쓰지 않아 내부에 공기가 숭숭 나 있는 듯해 세월이 오래된 느낌보다는 그냥 잘못 만들었거나 서툴게 만든 인상이 강하게 드는 미완성의 물성 같음. 깔끔하게 완성된 결과물이라기보다 서툴게 만들어진, 일부러 거칠게 남겨둔 듯한 미완성의 상태가 더 크게 느껴짐. 표면에서는 거친 질감이 손에 만져질 것 같고, 전체적으로는 실용적인 구조물이라기보다 오브제나 조형물 같은 분위기가 풍겨 나오는 듯함."
Fa.Brick,"돌덩이의 조합이 화려하여 입체성이 강하게 느껴짐. 독특한 배열을 통해 약간 재활용된 제품 같은 인상을 주어 개성 있는 분위기를 자아내지만, 동시에 품질이 다소 떨어지는 듯한 인상이 함께 들음. 전체적으로 복합적이고 예술적인 느낌을 주며, 거친 이미지가 강하게 느껴짐."
AC03,"따뜻함 혹은 편안함을 주기 위한 폼 같은 느낌으로 폭신한 감각을 제공해줄 것 같음. 먼지 발생을 최소화시키는 느낌의 재질로, 섬유 같은 것들이 엉켜 보들보들한 촉감을 주며 전체적으로 매우 따뜻할 것 같음."
